Frame,Asymmetry,Left Velocity,Right Velocity,Left Jitter,Right Jitter
0,4.8,0.0,0.0,0.273023031509591,0.5359268072426387
1,4.2,25.13312629199899,14.4,0.22290553772780342,0.5497132090895014
2,5.2,37.57645019878171,23.176450198781716,0.23505962081794723,0.5812174850655636
3,5.0,19.2,19.2,0.3007774286603475,0.44001903679607496
4,5.0,19.2,27.976450198781713,0.6202348988904542,0.38236622423386635
5,5.0,21.188225099390856,24.0,0.6174481667387353,0.34631260641930595
6,4.6,24.0,24.0,0.5644129319605187,0.35059613242415155
7,5.2,27.12135139138985,43.2,0.473150136489739,0.3762718116196779
8,5.4,14.4,19.2,0.3709220485400069,0.4331792267600194
9,5.4,14.4,23.176450198781716,0.42395005847600087,0.39545650478261757
10,6.0,14.4,4.8,0.4591717588641628,0.3954565047826176
11,6.0,24.0,24.0,0.8211969184321919,0.4343389815416669
12,6.2,9.6,21.188225099390856,0.5621735823053697,0.5113683597076173
13,6.4,0.0,9.6,0.5692401209635395,0.4887581141435422
14,6.6,25.988225099390853,24.0,0.596638453639257,0.5257435448383607
15,6.4,14.4,40.38822509939085,0.5680074570712813,0.8959273031457241
16,6.6,29.964675298172573,14.4,0.5387376774287771,0.9108097566639208
17,6.8,21.188225099390856,9.6,0.4435688995004028,0.8553036824005842
18,6.4,25.988225099390853,11.588225099390858,0.3765462049953043,2.270362806578008
19,6.2,27.976450198781713,24.0,10.316390476340636,31.480905481897175
20,5.4,18.376450198781715,27.976450198781713,29.016958481989654,40.96157132277875
21,5.8,52.56405417416954,37.88602668956242,28.73633473726674,38.50259322737605
22,5.8,41.52135139138984,44.64270278277969,28.03428026028238,35.67721352133056
23,6.2,53.53431573639816,44.64270278277969,26.53927265887114,33.67639116217108
24,6.0,72.77893276880823,68.75786553761645,90.52779056544588,74.60374877349376
25,6.4,57.149348905006846,39.842702782779696,199.78459652602814,126.77163338682607
26,5.8,68.52286873523501,58.82799751361699,199.8558402719519,141.26052418536693
27,7.4,47.100284160198065,63.08247519700584,198.47295998645976,142.95301219135445
28,7.0,72.54628997055472,14.4,212.59931985206205,145.8186164279533
29,12.2,178.7894365923467,201.13497585824712,209.03992193671533,151.92319585188085
30,8.6,359.0653106274505,366.8772392192473,173.0659111859767,138.26383987835118
31,12.0,274.8577537696639,243.93564890484885,131.0622983902073,112.02435229760201
32,7.6,294.39242745587717,305.57026619128436,128.18092949524265,100.54483462631246
33,7.2,269.8805359134078,263.1913558761274,51.017102677441244,59.18581950821637
34,5.6,603.9645492389398,574.8655554571777,20.537302924816693,26.93090764066782
35,6.0,140.39178043629437,175.33041881074053,15.475034511926363,24.376228746602123
36,5.6,161.71348200613502,169.71947382812735,42.705970541394024,60.5390327070788
37,7.0,21.188225099390856,64.79267281178956,61.601480260320336,75.05693463799398
38,11.0,298.3009131642773,262.6360601885445,69.4060125579834,77.34902241174595
39,11.0,42.65447768338884,16.38822509939086,66.71230025742747,75.08646584045081
40,8.6,264.58052847833454,255.9441814467495,67.00585816010096,60.70046983228567
41,7.2,75.63609235577098,49.13312629199899,58.60631685395921,17.775690833743244
42,7.6,207.0399626887873,276.48630569760815,35.582869404018766,10.306454432598407
43,6.8,18.376450198781715,14.4,3.301321783645124,0.5131950123321598
44,8.8,235.93876543754203,135.71380141023755,3.549123370408906,0.5654145073810124
45,8.2,31.95290039756343,21.188225099390856,3.1441550669950007,0.5669150551127858
46,7.8,9.6,14.4,2.9544242823752738,0.5315849947311689
47,7.2,9.6,24.309576490780707,2.522131991060763,0.12929020776529848
48,7.4,24.0,9.6,0.5425606744931608,0.07786302667410686
49,9.4,66.42670438798964,40.66625258399798,0.3975102034235477,0.06612026934515347
50,8.4,9.6,25.988225099390853,0.4214661668561993,0.2246815172798386
51,8.4,35.89780159017156,29.93312629199899,0.4148125246541482,0.20711223889937663
52,8.4,33.90957649078071,35.89780159017156,0.3712193612910275,0.1914899647354166
53,8.2,19.2,20.36467529817257,0.3876026769509115,0.20640821737371995
54,8.0,25.988225099390853,18.376450198781715,0.2683938192951102,0.32770921137816855
55,7.8,38.709576490780705,29.93312629199899,0.2683938192951102,0.27817176263266974
56,7.6,11.588225099390858,25.988225099390853,0.26839381929511025,0.3075687852147094
57,7.0,14.4,20.33312629199899,0.2821836536448771,0.3180631607545744
58,7.4,27.976450198781713,21.188225099390856,0.11362288916393497,0.42455054236308776
59,7.0,16.38822509939086,27.976450198781713,0.10662944648288826,0.4694731615639669
60,6.2,36.721351391389845,42.30028416019807,0.09726496077300685,0.49341889116875115
61,7.4,30.788225099390854,48.4044477123987,0.11639617239758028,0.587482363556032
62,6.2,19.2,45.49780159017156,0.11028894134419975,0.4817478668260946
63,5.6,9.6,34.73312629199899,0.11028894134419975,0.4810123372451439
64,5.2,14.4,14.4,0.13036604047026368,0.32875737040816
65,5.0,11.588225099390858,23.176450198781716,0.1609798434962067,0.030181524849679557
66,5.0,24.0,42.65447768338884,0.14298525206100268,0.030181524849679557
67,5.2,21.188225099390856,21.188225099390856,0.13873257473234035,0.0942212084090586
68,4.4,29.109576490780704,21.188225099390856,0.13450434762464175,0.09427518912133906
69,4.6,23.176450198781716,16.38822509939086,0.17155643196508016,0.09427518912133906
70,4.8,14.4,14.4,0.21098281964178647,0.21727634179565747
71,4.6,29.109576490780704,14.4,0.18708371188271222,0.24639671311205502
72,4.6,23.176450198781716,9.6,0.8445439774778634,0.23591784587458653
73,4.6,23.176450198781716,13.576450198781714,0.9186782215877498,0.21942071720212897
74,4.6,23.176450198781716,21.188225099390856,0.8896418466046592,0.21942071720212897
75,4.2,6.788225099390857,16.38822509939086,1.9866139641351785,0.29375923172939405
76,4.8,19.2,16.38822509939086,2.367542508671449,0.32182854803143046
77,4.4,9.6,4.8,2.26400368525084,0.2608637874880446
78,4.2,21.188225099390856,9.6,1.6678490118466787,0.20103216908311747
79,4.0,4.8,9.6,2.049822873178689,3.6577970529962265
80,4.0,4.8,0.0,26.626143620999127,4.752002023585347
81,4.2,0.0,4.8,26.519206517692243,8.242885069279742
82,4.0,33.90957649078071,14.4,25.430402142197615,7.175799266778397
83,4.4,9.6,18.376450198781715,25.44466134476962,6.917597190473051
84,4.0,21.188225099390856,21.188225099390856,26.986059594683944,6.687598839466006
85,4.4,71.97408815062431,37.85447768338884,26.385917536292272,5.561382413033249
86,4.6,29.964675298172573,33.05447768338884,24.899522460331806,4.338060635178621
87,4.6,53.41915298156141,43.787603975387825,24.11053652678664,4.049668101788611
88,4.4,71.612446917354,53.03341045219706,4.224001163959428,4.458458963038436
89,4.4,59.987352726052585,119.49207341605484,2.8419394758988195,3.1403728480593305
90,5.6,252.09154693044002,64.00841995724436,2.7364496859495073,4.588956544845516
91,6.2,183.6376370724534,152.23764358650783,5.400476062908826,4.481894232821501
92,6.2,205.26755755239364,187.79767438366608,4.381265899169395,3.375847318131256
93,5.6,160.10491187374237,139.979734590133,5.007587770696629,3.587272680352158
94,5.6,146.95919112370728,134.95510573314175,5.48264700654386,2.743871395253878
95,5.0,92.4542264340536,87.76983977177301,4.807784033780645,3.12097623506759
96,5.4,155.840116531525,149.46811690371226,5.8085953963763615,3.140983333088529
97,6.6,159.8510735404373,183.9053039741064,6.318565780628244,2.517200264387803
98,6.2,179.6379393382186,158.8013278806393,6.261879080507675,0.6268148029303163
99,5.8,156.96045322926764,156.72566234111562,2.022514596722645,1.948945268159414
100,7.0,119.09451975646581,82.89037070561241,3.5033591221243876,2.4072502158106754
101,7.0,24.0,52.532505167995964,3.590966689296677,2.431582463395231
102,6.2,75.99515538181609,83.15786553761646,3.3862488475917267,2.6160353774654634
103,5.8,59.96112380561599,64.62163555158793,3.2888695897584546,3.030617389614347
104,5.6,58.68850925958893,28.8,3.7877018606810453,4.3182407499761535
105,5.6,25.988225099390853,21.188225099390856,10.39664323349464,4.337762856401935
106,5.2,24.0,44.64270278277969,10.313905722727549,3.660514972114799
107,5.2,9.6,11.588225099390858,81.51193971309709,137.30080778268876
108,5.2,49.13312629199899,25.988225099390853,84.27661303991793,143.02014240983004
109,4.8,77.39090700296478,88.05867414645229,96.28741721797593,138.98223805748177
110,5.0,141.34821937102643,139.3847808579294,97.8663929739193,137.2456366084524
111,6.8,128.7701925558894,149.1566417070236,94.37359757117144,147.36484660347435
112,7.0,142.01387723601493,141.81434142465474,101.04568524641059,156.09861388595806
113,6.8,160.98717671663138,199.55973708410386,108.81701373780325,150.63341785507646
114,6.0,219.4854249216417,125.44508167157804,109.61500340311814,149.5953171179564
115,5.4,98.62772384305386,100.8,51.23649517387987,45.00473342012149
116,7.0,138.29056015455916,42.65447768338884,47.21907674727333,30.03088959045742
117,9.4,459.8532467886929,458.4405775655938,2.079333770781285,3.6482950521090407
118,10.0,320.76848946958614,274.83480025262236,1.874849139289605,3.6023943051650775
119,6.4,77.05306465868043,79.75690031143509,1.6569184827433336,3.0708117222293145
120,4.2,74.42422181796314,58.61234322100529,1.7821856589512948,3.1112495087724596
121,2.6,33.05447768338884,51.15290039756343,1.7829557770593287,2.3668830385498194
122,4.0,53.20444771239871,34.76467529817258,1.7096200162351889,0.9308502779457635
123,4.0,32.77645019878171,92.92403329496376,4.227759268602089,0.9627363259466813
124,4.6,66.39515538181608,25.13312629199899,4.146374195752312,0.9583742401145534
125,5.2,14.4,39.53312629199899,5.472026829473325,1.2922486086490739
126,5.4,22.321351391389847,21.188225099390856,4.88141926052203,1.4379870386133682
127,6.6,14.4,51.076734358979785,4.780244236022204,1.6568214413534148
128,6.2,29.964675298172573,25.13312629199899,5.054663124180554,1.6805500748622313
129,6.0,44.6427027827797,51.399378875996966,5.397323435675645,1.227756009672329
130,6.4,77.05306465868043,67.79090700296477,5.008650185606635,1.323463330833154
131,5.4,56.978311644805196,23.176450198781716,3.2590776489068536,1.0527556756125755
132,6.0,44.288509259588935,31.92135139138985,3.63594227897511,1.0926691893194185
133,7.2,118.14329283144414,67.57289870622515,1.233245796722031,1.0257455453161035
134,7.6,140.4018823189816,92.38181400592956,1.3113157144915963,0.5809505256974213
135,6.4,72.49931893401671,97.38619095067943,1.3671499368565778,0.6364904359765826
136,6.2,47.131833166371656,62.55724441361342,1.3700542999997194,0.23391266333797006
137,7.4,64.54877254058123,50.72254083578902,1.391689232781997,0.24679964758322795
138,6.8,49.13312629199899,21.188225099390856,0.26364174450428174,0.2489118759061975
139,6.4,58.61329224445431,31.066252583997983,0.24006930622969955,0.2354751425311014
140,6.8,16.38822509939086,29.964675298172573,0.2839129174203014,0.237738608493005
141,7.0,14.4,25.988225099390853,0.3308685530450537,0.04820104204032906
142,7.0,9.6,14.4,0.31400973926133424,0.28583356535684484
143,6.4,21.188225099390856,36.72135139138985,0.3039753221444847,0.2998555552525419
144,6.4,16.38822509939086,27.976450198781713,0.21453147092146543,0.32586203865466157
145,6.2,21.188225099390856,21.188225099390856,0.16501712998597826,0.2961074614827094
146,7.0,37.854477683388836,25.164675298172572,2.3982864527496757,0.5370633541722509
147,6.4,24.0,25.988225099390853,3.2187563558548122,0.7713226700626628
148,6.2,11.588225099390858,29.93312629199899,9.90393241760247,0.7392333672534991
149,7.4,25.988225099390853,18.376450198781715,13.628572693621555,1.799599567121227
150,7.2,25.988225099390853,28.8,12.689975773517128,1.8008054971808032
151,7.0,23.176450198781716,35.588225099390854,10.858592523379322,2.410374152513389
152,7.2,30.788225099390854,9.6,9.781556484304993,2.371651870742656
153,7.2,27.976450198781713,27.976450198781713,12.051894051175662,3.845660016734632
154,7.4,14.4,23.176450198781716,15.622194057887286,4.979230840350301
155,7.0,29.93312629199899,19.2,26.51293418870906,6.21384443940694
156,7.0,84.50584730089331,45.775829074778684,28.671258311915473,4.921094167067327
157,10.0,40.38822509939085,63.52011249464533,26.998042249831265,5.622972845011514
158,7.4,142.2873212404657,70.32135139138985,26.645666409173863,6.151660131632542
159,7.6,40.69780159017156,29.109576490780704,26.67721370617421,6.943068986812385
160,6.2,18.376450198781715,47.73250516799597,28.175614906253642,5.818505288395923
161,7.2,84.88189883258022,90.53374884127797,22.724705204352425,6.1557817019363625
162,7.2,109.76619264201773,97.18181400592955,22.71996060240084,4.93498450219764
163,7.8,236.5405428877832,160.50153944539258,2.9898288034878924,2.4857788321224956
164,8.0,230.9052516444399,99.0269474429479,2.9579867717049715,2.114688489006995
165,7.0,56.978311644805196,25.988225099390853,2.3261688439952275,2.3907146234601226
166,7.4,73.91205906080721,67.00305089042266,2.4326761016330964,2.5975024932276156
167,6.8,127.09843480641291,82.78181400592955,1.7582960725799435,2.7159528085881703
168,7.2,101.27529366524536,77.57893276880823,1.7654834517643847,1.3351564411492203
169,6.6,48.587603975387836,87.36772618859523,1.6313952176048545,1.1777691160897765
170,7.2,39.842702782779696,29.93312629199899,1.7508873519838273,1.1254684973664242
171,7.0,67.67012393197106,33.90957649078071,1.3614653194017445,1.1201359529814585
172,7.2,75.68557889103538,59.51205906080721,2.531361121476066,0.9442345406998545
173,7.0,73.55786553761645,33.90957649078071,2.4435572383287756,0.8392716718544574
174,6.4,104.3111646022747,65.26202908981709,2.359994832600525,0.6107131184076331
175,5.2,64.31205906080721,68.55441774140857,1.791922922268096,1.3057752196148222
176,5.4,27.12135139138985,66.53699763997207,1.251244565453049,1.4888603867290944
177,5.2,30.788225099390854,27.12135139138985,1.8207358561244786,1.8011673354594089
178,5.2,41.52135139138984,27.976450198781713,2.0453407138803867,1.8981527767991035
179,6.0,56.04777161918143,38.709576490780705,2.5734929789165975,1.8874412434550316
180,6.0,24.0,11.588225099390858,1.024458802912206,2.182620570751838
181,5.6,49.13312629199899,37.85447768338884,2.103183913727735,2.2105436147554407
182,6.4,107.84801467413968,42.47132142039972,2.258769853694117,2.31562836670118
183,6.2,86.79137968616223,62.66495945837064,2.3461433832423966,0.8037004691368291
184,5.6,56.29425009761498,81.95496117713431,2.329259078611709,0.7856363569522158
185,6.2,27.976450198781713,35.588225099390854,4.71949893062853,1.0501391422378417
186,5.6,54.71205906080721,33.90957649078071,4.634502896057037,0.9953616317874782
187,5.8,51.900284160198076,36.72135139138985,4.211499615335251,1.0630149517849103
188,5.0,41.83092788217054,4.8,4.3770984503814265,0.930557556679053
189,5.0,44.333126291998994,25.988225099390853,4.431100321383882,1.4986214554370876
190,5.2,69.11205906080723,25.13312629199899,4.308626748538492,1.4739425717334198
191,4.8,11.588225099390858,16.38822509939086,3.7476746334074136,1.3403079599352905
192,4.8,19.2,18.376450198781715,3.037342498587872,1.2726501866246074
193,4.8,25.988225099390853,11.588225099390858,1.6341942649032475,1.5063492713343238
194,4.8,27.976450198781713,16.38822509939086,1.9994626139004046,1.4184780021939591
195,5.6,92.43853016622009,47.10028416019808,2.0282597820739783,1.3786136335745096
196,4.4,77.46784069549196,76.41989462743354,2.167420542956066,1.2683469326668302
197,4.8,60.954761843586915,51.90028416019807,0.920070421191463,0.13114072247847167
198,4.2,69.34877254058122,73.55786553761645,0.40106464681333365,0.13623628389983772
199,3.8,11.588225099390858,32.77645019878172,0.7982533220615845,0.6526001659733611
200,3.8,53.03341045219706,36.75290039756343,1.4414275991806527,0.6563618277000135
201,4.4,29.964675298172573,23.176450198781716,6.8442020796670775,1.15682340423391
202,4.2,4.8,16.38822509939086,6.508300419780104,1.280573041217486
203,4.6,19.2,19.2,6.34188453053743,1.3800391549598463
204,4.6,14.4,29.964675298172573,5.880465127606405,1.4242539965942502
205,4.2,29.109576490780704,34.76467529817258,5.429423072054831,1.9837069364306799
206,5.0,27.976450198781713,25.988225099390853,5.427302314098539,1.778566766963304
207,5.0,31.92135139138985,23.176450198781716,5.8670917373619975,1.6574304038670737
208,4.6,24.0,24.0,6.470956901602448,1.7042357425813843
209,5.0,61.28557889103538,47.955382967589934,1.6280607199476438,1.367648338356984
210,5.4,101.27529366524536,55.8451853528062,1.8634749697835469,1.1494236414868224
211,4.8,4.8,24.0,1.6735546108695063,1.0838137633524774
212,5.4,19.2,18.376450198781715,1.6306773774827699,1.022323099395191
213,5.2,51.399378875996966,45.466252583997985,0.18403850508474662,0.169179302939378
214,5.2,67.97893276880822,39.53312629199899,0.1730537944010634,0.1758651913339772
215,5.6,21.188225099390856,0.0,0.2555604467843713,0.21689175376887695
216,5.2,9.6,4.8,0.26865745469838587,0.2230741109314136
217,5.0,25.164675298172572,21.188225099390856,0.24416162719904935,0.21351084260908487
218,5.2,21.188225099390856,16.38822509939086,0.19677303304383367,0.24934643235515208
219,5.2,18.376450198781715,27.12135139138985,0.1735022559238616,0.30830514042147067
220,4.4,21.188225099390856,9.6,0.2073116277271057,0.3542318976382595
221,5.2,16.38822509939086,29.964675298172573,0.20682883277808703,0.347941994227412
222,5.0,4.8,16.38822509939086,28.1513053915387,8.770794820372771
223,5.0,9.6,9.6,29.00559876229518,8.742355805803987
224,5.2,14.4,27.976450198781713,30.1412821371963,14.117888079776698
225,5.0,31.09780159017156,4.8,28.043174315345162,13.785871926785209
226,4.4,25.988225099390853,28.8,26.673488255421184,12.886582477027948
227,4.8,21.188225099390856,16.38822509939086,24.1605750552352,12.71376334386764
228,4.6,29.964675298172573,25.164675298172572,23.29966881433161,10.936358014246059
229,4.6,24.0,18.376450198781715,20.208557082364162,11.002759583326624
230,5.0,24.0,27.976450198781713,4.289766243856155,7.608648029877053
231,4.2,27.976450198781713,19.2,4.176769717082497,7.710536436841391
232,10.0,194.65487961674816,108.31853767141858,2.3104168582606115,3.8537751931278725
233,7.6,145.72655279078197,145.18858138663083,2.7776327838187895,3.8776707458233073
234,9.2,61.50028416019808,43.57289870622513,3.57744493498666,3.841938755164675
235,8.4,110.79137968616223,72.54628997055471,2.5333634464909998,2.433339188402404
236,6.2,88.12810397648425,100.27981170294751,2.0260937885017456,2.564689403899219
237,6.2,27.976450198781713,29.964675298172573,1.2908062578198032,2.3080360065741985
238,6.6,30.788225099390854,60.64518535280621,1.3505100291130085,2.2885761410013803
239,7.4,89.44690203019877,65.18586305123344,1.3228433160651751,2.6794684659797268
240,7.8,49.474251788953275,89.59125978708117,1.2714977478856104,2.636959748608687
241,7.8,16.38822509939086,67.00305089042266,1.2134263436767516,2.7413945562762985
242,7.8,65.40056832039616,60.645185352806195,1.2147555349006476,3.3000512195576084
243,8.6,51.462476888344135,38.74112549695428,1.4114233849376046,1.5621316056276893
244,7.2,47.48602668956242,14.4,1.5503519305789948,1.1701371997850554
245,6.8,78.35786553761645,78.52403329496376,1.5179073127873361,1.1698947931279313
246,7.2,50.221635551587916,39.178932768808224,0.773802596121959,0.9556089442076289
247,6.6,22.321351391389847,22.321351391389847,0.6157879189198598,0.9163676389931976
248,7.4,69.89099182961544,55.02163555158793,0.5439478624520119,1.0529733078506414
249,7.4,43.2,50.29780159017156,0.3864437450637852,0.24868425902164448
250,6.6,39.84270278277969,57.555382967589935,0.3801980980373182,0.2909150783724477
251,6.2,9.6,16.38822509939086,0.3313195929952454,0.2909018541525944
252,6.0,4.8,14.4,0.8692459662115143,0.7258503511986184
253,6.2,9.6,4.8,6.802183588803345,8.029162253828494
254,6.2,14.4,9.6,7.5088669140411355,8.429915887741062
255,6.0,29.964675298172573,27.976450198781713,7.433861654549413,11.776643747427208
256,6.0,47.45447768338884,44.333126291998994,30.418889992936794,18.76493565078313
257,5.2,27.976450198781713,32.77645019878172,65.22798431043229,21.775703887494707
258,5.8,43.787603975387825,32.77645019878171,59.88380491570294,20.067520303036247
259,6.2,23.176450198781716,21.188225099390856,56.9397599765999,15.651942605704845
260,6.4,16.38822509939086,24.0,79.22609426736715,46.965238712936454
261,6.0,34.73312629199899,30.788225099390854,158.95986700345418,154.38175230671325
262,5.4,82.2778039042979,62.19560318034312,142.7262810973172,155.54298924814907
263,3.4,178.883662071766,160.5117549138578,141.5795526787938,167.1582869957551
264,4.4,180.36908501085253,204.51960415955622,161.8601677645846,173.14032505186736
265,10.0,143.57974719150428,93.16074677473777,154.6421665530397,175.61201909432634
266,7.0,332.20975074614336,242.56755793761235,160.89143683091802,167.12790492083496
267,8.2,85.87648589400015,112.48873347780675,160.82109224695947,175.12737377838914
268,7.8,135.59178043629439,130.2369633700296,136.01537586344838,151.50010004662184
269,10.0,170.0539777944636,195.31653016178393,2.064728248147148,3.964926159751184
270,6.8,429.15031254283457,466.4551710861755,1.4745805438553412,4.709661421426144
271,7.0,27.976450198781713,25.988225099390853,214.36799820801426,172.67183419777763
272,7.6,87.76983977177301,64.31205906080721,363.6624597873899,295.42090434516456
273,7.8,48.4044477123987,89.49387306673677,364.82072549161865,298.55274719281164
274,7.6,43.2,29.964675298172573,367.21438465073066,300.67979991751366
275,6.8,74.10180150404324,110.61222412441214,374.91077298559924,301.41593239382803
276,6.0,86.52562140645776,55.40737808095226,382.46899809631395,311.1392004889219
277,7.0,35.51205906080721,77.40961218599914,384.4963420212828,310.3808773978365
278,6.6,74.33679830642468,22.321351391389847,377.87722535664426,306.37478667527193
279,7.2,35.588225099390854,39.53312629199899,220.35993540200278,181.1376970498631
280,6.2,27.976450198781713,25.988225099390853,3.2554017391218535,2.503875280406313
281,6.0,523.8496433996727,487.6160498003863,3.289407570870429,1.0205496285239
282,5.4,23.176450198781716,24.0,2.705593956071683,0.4979537234767396
283,4.4,49.91205906080721,88.54877254058123,4.920863443067275,0.6607325828989805
284,3.6,45.188225099390856,42.68602668956242,3.2646534393786335,0.6091457585264839
285,3.2,30.788225099390854,25.988225099390853,3.0672435300630907,1.1306951678811972
286,3.2,35.89780159017156,31.92135139138985,4.286526374415285,1.2868242782213033
287,2.4,64.62163555158793,46.599378875996976,5.647607085197601,1.269236817729878
288,3.4,98.32042710226372,75.82411812161443,5.481763546386357,1.666670622520183
289,3.4,130.47255381067683,67.2,5.7680188865454145,1.727598721378618
290,4.0,63.533126291999,87.58181400592954,5.785194096155612,1.9832836042176143
291,4.0,95.42699935873576,63.58338048120694,2.3861908962291976,2.078906391685842
292,5.6,123.21683991448872,93.750866248852,1.8851016740727344,1.9214013135857275
293,6.4,37.854477683388836,54.52073026738682,0.4698480490959448,2.047136765261616
294,6.8,82.78181400592955,70.31573107523289,0.44985972296675014,2.0984430725316443
295,6.6,27.976450198781713,21.188225099390856,0.36727574873992697,2.3706137030299366
296,5.8,31.95290039756343,32.77645019878172,0.3422258609171579,2.201613414083441
297,6.2,31.92135139138985,19.2,0.8116230735918422,2.3113584321163496
298,6.4,18.376450198781715,21.188225099390856,1.1008243441849412,2.942454253539001
299,6.6,37.854477683388836,49.91205906080721,7.1951987879176,18.3219452221063
300,6.4,65.09099182961543,89.3058473008933,18.14997796212383,18.791070569151156
301,7.0,86.99090700296478,49.55786553761645,18.805061903889506,18.883389399803438
302,7.0,58.19090700296478,86.4,18.409297441299305,29.947321091904897
303,6.4,70.48189883258021,37.57645019878171,28.958945996192753,30.197789683407827
304,6.0,49.0132922444543,87.24632566577314,27.125473650308408,29.681275465586342
305,6.6,33.6,23.176450198781716,29.301224981409522,29.210874124881045
306,6.0,21.188225099390856,16.38822509939086,31.70068352689621,30.31873478506094
307,6.2,63.533126291999,43.787603975387825,33.274212670963486,21.391958645985113
308,5.6,96.35121895268553,55.09780159017157,25.850732194287787,21.7921645624343
309,6.4,202.53226606422294,217.34984596290346,25.157461276573784,22.21109116501948
310,8.4,347.12995464262445,237.05863031475593,23.076332519352576,4.856135673444319
311,12.2,343.78041404010764,297.76210267531286,1.055300613937945,0.7767708192370727
312,13.6,262.5028218052028,127.05407376245046,1.6436924567584552,1.0290427490209648
313,15.4,90.39756361482685,61.42411812161443,9.498388103384189,0.8311765973852391
314,15.8,65.09099182961543,48.778932768808225,10.044579351735878,0.7154145008803438
315,16.0,44.333126291998994,24.0,16.889834647653117,0.5282589055300516
316,16.2,32.77645019878171,16.38822509939086,17.048669481491856,0.7735805509551458
317,16.0,21.188225099390856,16.38822509939086,17.51354294980907,0.8444126193955046
318,16.0,32.77645019878172,31.066252583997983,17.973286139449954,0.9865493686648829
319,16.0,40.66625258399798,51.12135139138985,16.878459205978423,0.6266858928719066
320,15.8,78.8969320011889,37.88602668956242,18.010186307665506,0.8617057851247434
321,15.0,78.90415550817116,35.86625258399798,11.720141728848224,0.8958057596976196
322,15.4,29.964675298172573,65.44518535280619,11.413697278450494,0.8933792623412897
323,13.8,145.66707410153975,88.12810397648425,0.6300521814425029,0.9011555192174558
324,13.8,144.39726014543146,72.77893276880823,0.6160336670836359,0.500832596605469
325,14.2,25.988225099390853,48.778932768808225,2.086140954173463,1.453465638100443
326,14.2,14.4,14.4,2.3760268036856536,1.3309602336536648
327,13.6,19.2,27.976450198781713,2.8337023795226433,1.35758768972279
328,12.6,32.77645019878172,31.92135139138985,2.6648172319316243,1.3699539051720508
329,12.2,14.4,9.6,4.817119738757813,1.787152641654965
330,12.4,21.188225099390856,9.6,5.114249431389146,1.8572894509539708
331,12.4,27.976450198781713,37.85447768338884,5.262965137475078,1.6304944171468958
332,13.0,37.57645019878171,56.50895536677767,5.111809092258011,1.9736551819935255
333,12.4,65.09099182961543,49.13312629199899,5.327783702983286,3.1118192508390474
334,12.2,56.19937887599697,56.19937887599697,5.141107455183917,3.5744653259886783
335,10.6,109.57284679043728,99.34264284079944,5.053244885471112,3.5849134270897087
336,11.0,108.9863650786433,83.9831320162273,5.103077012704197,3.483438397453106
337,11.6,67.2,102.50771647003316,2.800760731751639,2.998031632125185
338,10.0,98.85715958696275,64.40693028242522,2.843615193081302,3.3428199782021064
339,10.2,21.188225099390856,21.188225099390856,3.0074341527279076,4.649516112143284
340,10.8,27.976450198781713,35.89780159017156,3.1274880384294277,4.9859756409793246
341,10.6,4.8,19.2,1.2707865160369927,4.863651171680473
342,9.6,21.188225099390856,19.2,1.1909555091011024,4.0426122912763995
343,9.0,80.21785985593408,81.56921864776997,1.0594914020283737,5.007323444563048
344,9.0,83.75470992779907,84.92823254238283,0.4483201906111245,4.784327358363216
345,8.6,115.64279552931103,103.9861327100843,1.7340094030485012,9.73956731142116
346,7.8,80.00315458677137,115.28574956142597,1.6139290307449965,11.787260597156349
347,8.0,84.02349699761142,108.8878904486809,1.632305184004153,12.844885944490603
348,6.2,89.59125978708116,145.66521838647486,1.3923660943984837,12.812214984137107
349,7.6,97.16544295211612,85.12820733679932,1.9456948277629564,12.67625805483096
350,5.0,89.49543954201415,145.76024505133537,2.143868881758023,12.891500219714471
351,6.6,96.51143793680419,86.89399884827974,2.140920835148721,12.543962630583577
352,5.2,106.19090700296479,108.81863084601862,5.442455239127918,12.213564664507413
353,6.8,84.10296606377199,106.01094629271749,5.533438569400885,4.322821526816022
354,6.0,102.45710767117491,163.93256310473146,6.7395780406585555,4.323615677041734
355,7.0,52.254477683388835,42.65447768338883,6.833296156011716,5.003675059030263
356,8.4,80.11344783875379,38.709576490780705,7.189398839272816,5.2547478090504525
357,9.0,45.466252583997985,49.4427027827797,6.522244324681046,5.201809134040628
358,9.8,61.50028416019808,67.38974244323602,6.042679769956636,5.11062652793177
359,10.0,118.93554705754534,75.41808405903134,6.387014937953152,4.506057706720612
360,10.0,110.10000703206165,90.69283707290658,2.3428120391468843,4.6332145985651945
361,11.6,144.83191686084848,91.31262738120336,2.382747636438461,2.5697243189431527
362,10.6,51.43092788217054,101.15466079636683,2.1559084442679373,2.4238728175071866
363,10.2,25.988225099390853,23.176450198781716,1.9025683996387865,1.9591785710488645
364,9.8,18.376450198781715,27.152900397563428,2.0079757869787276,1.6877433729367377
365,10.0,67.97893276880822,76.4645116598436,1.9902101881523138,1.0522701972627475
366,8.2,76.63067941719092,31.066252583997983,4.382889751592655,1.2690345861507994
367,8.8,45.96715786819908,80.48557889103537,3.1939843960841294,0.5782864206714802
368,6.8,72.79763795184259,64.26744202839716,3.1479668324852494,0.4969584798511394
369,7.6,16.38822509939086,25.988225099390853,4.428051748283175,0.6983208963517618
370,7.0,25.988225099390853,27.976450198781713,4.244204315341908,0.6573876054915629
371,7.2,40.312059060807215,38.709576490780705,3.8298539836471988,0.7848588617362048
372,6.6,38.709576490780705,48.61915298156141,3.334055027283158,0.7389753829223666
373,6.8,34.76467529817258,28.8,3.0590637535666296,0.49656482013279374
374,7.0,28.8,21.188225099390856,1.7066401767417487,0.4791597479899559
375,6.4,21.188225099390856,23.176450198781716,1.8267380196995064,0.4878521550717042
376,6.6,88.92167124680637,53.03341045219706,1.9783070248689794,0.5665384710020221
377,6.4,69.89099182961544,48.0,0.561127890960105,0.4203443483959118
378,5.6,82.2778039042979,63.134315736398165,0.5687739986199971,0.43276575685576496
379,6.0,27.976450198781713,35.89780159017156,0.48988641148944523,0.14631405814252627
380,6.8,40.69780159017156,23.176450198781716,0.29683774336882385,0.09904793834949327
381,5.8,66.74934890500685,51.43092788217054,0.5329172383286942,0.04089625296488779
382,5.8,38.74112549695428,33.90957649078071,0.48385469008058923,0.05238968027783811
383,5.8,27.976450198781713,16.38822509939086,0.5029008690854642,0.06278189823659708
384,6.0,21.188225099390856,9.6,0.6169434975652315,0.08891218397247952
385,5.6,32.77645019878172,19.2,0.4577104939370513,0.1049983154165672
386,5.4,27.976450198781713,9.6,0.4904911256000965,0.11852054668145609
387,4.6,50.329350596345144,4.8,0.5180448904484707,0.10751373978977734
388,4.8,38.709576490780705,14.4,0.5461867894880691,0.10583190466356933
389,5.8,25.988225099390853,27.976450198781713,0.23046432643344716,0.3914920130256552
390,5.6,36.75290039756343,23.176450198781716,0.2972169260593853,0.4549565466636971
391,5.0,4.8,14.4,0.31144294801399863,0.42853641077636545
392,5.0,14.4,19.2,0.25383520755339795,0.35843380504266664
393,5.8,23.176450198781716,18.376450198781715,0.17981157630180233,0.3844976042375049
394,5.4,23.176450198781716,21.188225099390856,0.1757763436991647,0.31838494783711274
395,5.4,4.8,9.6,0.17148908959870213,0.31838494783711274
396,5.4,6.788225099390857,9.6,0.08970393686449528,0.27393421849186234
397,5.4,4.8,21.188225099390856,0.20044775061879966,0.135351313957844
398,5.0,25.988225099390853,16.38822509939086,0.313033519725469,0.05998057002126184
399,4.8,6.788225099390857,0.0,0.2809848833318933,0.06286115525630864
400,5.0,9.6,9.6,0.28601997593545814,0.10854375246653326
401,5.0,11.588225099390858,19.2,8.08531526365372,5.209340824551701
402,5.2,25.988225099390853,9.6,44.9080186200054,15.910587181143988
403,4.6,14.4,14.4,45.35961016357745,15.669521158891708
404,4.6,21.188225099390856,21.188225099390856,62.68862273133647,20.976304700969465
405,4.0,14.4,9.6,59.51196485460398,21.231620502943148
406,3.8,16.38822509939086,23.176450198781716,60.80394139134491,16.941249180281623
407,4.4,33.90957649078071,21.188225099390856,57.641874201698506,16.912535710317055
408,3.8,14.4,11.588225099390858,58.1357805685087,17.14517619183091
409,3.4,23.176450198781716,4.8,60.03619522675177,21.518170797278096
410,4.0,36.721351391389845,21.188225099390856,33.93332854129815,18.640413720984007
411,9.0,138.63195736416588,96.66079544346624,30.609835874195618,20.376375110238666
412,8.6,360.76888485223344,229.71430322346396,8.338921381637586,12.656438364696047
413,12.2,359.3547678310706,281.5112647172286,4.086424948495001,2.5830478814037936
414,13.0,160.8240386078865,163.5411254969543,4.689213148070429,0.502456301216554
415,13.2,54.16653674419605,43.5095764907807,5.0850679209592915,0.5601056406596776
416,13.2,65.92579910378856,103.98057175792349,4.394129879218315,2.4621297284426333
417,14.2,93.28371362248973,95.03515139147198,5.634609369286518,2.286595037989235
418,13.4,86.96264114946115,80.43609235577098,5.967994925249902,2.235369571644152
419,12.4,45.11205906080722,83.5436080669808,5.8393856555130865,2.0446001805407725
420,11.2,105.97289870622512,79.07283876424488,3.0675710869122788,1.923473969794185
421,10.4,58.19090700296478,72.28209816612761,2.3213159052797234,2.456737481462868
422,10.6,142.91879114205463,84.40551725771682,2.086344454973946,2.48034341200512
423,9.8,91.84116119217272,110.72341217096073,2.6705510071154066,3.182534348682157
424,8.4,92.16027847851568,103.66372581201979,1.4011934740213037,2.4276916767438963
425,9.2,109.28634654497891,91.16921864776998,1.395837039853451,2.3938223365304663
426,9.6,55.84518535280621,39.564675298172574,1.2688188873497102,2.43858583765853
427,8.6,62.19560318034312,25.988225099390853,1.2285376622259592,2.4251453949509596
428,8.0,72.49931893401671,36.75290039756343,1.3548407713471133,2.7300002642578702
429,8.0,41.83092788217055,47.48602668956242,0.9604691204715047,2.0455935830763914
430,8.4,55.84518535280621,29.964675298172573,1.1728389975118971,1.9056533401471267
431,8.8,60.9547618435869,72.49931893401671,1.2404871942031654,0.9636046591905121
432,9.0,72.77893276880823,72.79763795184259,1.2419527830326849,0.9460987893031674
433,8.8,25.988225099390853,21.188225099390856,74.66678992425584,33.204234416281835
434,7.4,52.17831164480519,27.976450198781713,142.28841914864444,69.46426620604832
435,6.2,88.54877254058121,48.0,144.38624481436105,69.86018661209123
436,6.4,59.512059060807225,55.84518535280621,144.38624481436105,69.0612015656425
437,5.6,25.13312629199899,25.164675298172572,142.02237288659038,70.41071726394281
438,6.0,40.66625258399798,30.788225099390854,139.9877424929526,68.60119140054623
439,6.4,16.38822509939086,9.6,146.26468260821568,71.98362720282624
440,6.4,9.6,4.8,148.4094611039646,71.5910173408594
441,6.2,59.10602499822412,40.66625258399798,93.5479172461947,49.18411123026052
442,5.6,84.69387306673676,69.89099182961544,84.38565529723509,79.18421071975744
443,8.2,383.95324123415634,269.4895947343853,82.23372351401459,78.30503574434181
444,7.0,55.40737808095226,25.164675298172572,81.59159085866054,79.12430984372807
445,6.4,41.83092788217055,52.532505167995964,81.78578803212467,81.27580377611362
446,6.8,29.109576490780704,42.37645019878171,78.2337856973777,77.37225296370875
447,5.4,67.79090700296477,45.96715786819908,75.41630112470315,76.74058441523377
448,5.2,51.21622261300786,25.988225099390853,73.31824292683179,79.78441608473224
449,3.8,47.100284160198065,20.33312629199899,79.31894077857456,84.00232079950946
450,5.2,61.42411812161443,59.86625258399798,13.781535733907468,21.026079029860437
451,5.6,9.6,9.6,13.064983862979837,19.653084090413643
452,9.4,326.91537617470277,312.61848242421297,13.326408336355211,18.757190747342715
453,6.6,246.94236776678508,236.06276278669407,7.950958736244965,2.669854245731607
454,10.4,231.03231890823002,230.86550264126262,0.5082409850007488,0.7093508861643526
455,8.0,129.4694929233674,88.43315920286182,0.5066779202825487,0.7155462204019597
456,7.8,29.964675298172573,27.976450198781713,0.5257215364079515,0.8440254275649661
457,5.8,47.23977241422614,29.109576490780704,0.4224350366657011,0.8674852731634153
458,5.2,23.176450198781716,21.188225099390856,0.5280941098788845,0.868737506026823
459,5.8,18.376450198781715,6.788225099390857,0.49042415890697677,0.9287165514063448
460,5.6,4.8,16.38822509939086,0.5278446904254037,0.8355277588280411
461,4.8,24.0,29.109576490780704,1.2994739427321174,0.8517496262710699
462,5.2,11.588225099390858,4.8,1.4223018575858428,0.3312366639530175
463,4.0,30.788225099390854,21.188225099390856,1.3611908944943933,0.5758986490085687
464,4.8,35.588225099390854,55.92135139138985,1.2253458909995545,0.5412266806939984
465,5.6,38.4,49.47425178895328,1.2333309890489532,0.4379668116213398
466,5.2,65.86992459842367,53.933126291998995,1.2177898240987433,0.480784018882332
467,6.0,49.227997513617005,28.8,1.2232668071820296,0.49472140234622697
468,6.2,51.399378875996966,38.709576490780705,1.3975842391429751,0.5246932886701344
469,6.4,43.5095764907807,46.32135139138985,0.8876594368428723,0.5411575132636972
470,8.2,57.149348905006846,29.964675298172573,0.8152304574322353,0.488386013623339
471,7.8,13.576450198781714,19.2,0.8239242129418052,0.20577173662958853
472,7.8,19.2,14.4,0.9657025413059694,0.2593550419191943
473,7.8,44.64270278277969,42.65447768338884,1.0045968347223482,0.2593559811311176
474,8.2,25.164675298172572,38.4,1.0161096273057932,0.22807688380072097
475,8.4,35.04270278277969,46.599378875996976,0.7543632025547156,0.21648111391216246
476,8.4,41.83092788217055,44.64270278277969,0.16065562650154352,0.1585105584206214
477,8.6,63.79808575036964,45.143608066980796,0.09506921037604033,0.35805713658632893
478,8.8,35.89780159017156,31.95290039756343,0.0887158436836262,0.46352112787572386
479,8.8,24.0,14.4,0.12200992139987196,0.5522382946381735
480,8.6,25.988225099390853,4.8,0.09646057305416933,0.5142673708612454
481,8.8,16.38822509939086,14.4,0.11813408995080794,0.5223950659453003
482,8.4,19.2,14.4,0.09315585635462109,0.5878954460351659
483,8.6,25.988225099390853,4.8,0.08880121600409469,0.6371624816460779
484,8.0,27.976450198781713,19.2,0.1468749687538889,0.6291011228800784
485,8.6,14.4,29.109576490780704,0.16108336471536355,0.3956959614616114
486,8.8,27.976450198781713,47.45447768338884,0.17149142261853306,0.37980734833724056
487,8.6,27.12135139138985,21.188225099390856,4.5547318339266685,1.7664552968820222
488,8.4,23.176450198781716,21.188225099390856,5.00710743316893,3.7441297635212
489,8.6,9.6,21.188225099390856,10.635721094294821,8.596673549304903
490,8.8,25.988225099390853,25.988225099390853,10.694777289994231,8.434204467577803
491,8.4,25.164675298172572,30.788225099390854,11.634692983028426,10.911861256996126
492,8.2,11.588225099390858,9.6,14.838296943547213,10.973694715541278
493,7.6,23.176450198781716,30.788225099390854,13.538807093175048,7.528262461667021
494,8.4,4.8,19.2,14.124381067394882,8.041829808209897
495,7.8,23.176450198781716,25.988225099390853,15.107143370060875,9.903243485849327
496,7.6,16.38822509939086,37.576450198781714,16.74073070009866,11.747074452335067
497,8.2,97.74273847799813,81.15175713801762,13.735646260436958,9.645336793108399
498,8.0,140.22979822429025,148.4291771002872,13.319304192091284,10.335176813249936
499,8.0,245.97534480801997,245.73594182663965,10.5592716205437,7.722677387139429
500,7.0,253.72084510806135,268.3420020013385,0.8960257823436237,2.955293876652531
501,6.8,171.45685657218718,177.85268294895207,0.5725092900897204,0.5390835937905135
502,4.8,56.978311644805196,88.36074677473778,0.44719769356583705,0.5246358880402837
503,4.8,21.188225099390856,25.988225099390853,0.5217859475143618,0.5216167205203984
504,5.2,21.188225099390856,11.588225099390858,0.6381436558488754,0.6048401245838008
505,5.0,38.709576490780705,31.92135139138985,0.5747341770389407,0.588873839038848
506,4.4,47.73250516799597,43.5095764907807,0.5028021915974608,0.8868103941970911
507,3.6,50.26625258399798,25.164675298172572,0.45256974388434335,0.9727693712540946
508,4.0,31.95290039756343,35.588225099390854,0.4875041142185237,0.8373450170577339
509,3.2,47.73250516799597,33.6,0.5123444016561285,0.6889424981263548
510,3.2,37.85447768338884,37.57645019878171,0.4997908443547309,0.8326869480763455
511,3.6,9.6,4.8,1.9040703290741152,1.4384488365046693
512,3.4,19.2,21.188225099390856,1.6132015729301383,1.500812359557831
513,3.4,21.188225099390856,27.12135139138985,3.1019757360566422,4.442022958647215
514,3.8,21.188225099390856,25.13312629199899,4.85869246879137,4.708514861291343
515,4.0,11.588225099390858,23.176450198781716,5.616648994400753,4.717747984320921
516,3.8,4.8,0.0,5.844180224463976,5.004972634869212
517,4.4,24.0,25.988225099390853,6.369416671194708,4.864570891444666
518,4.6,36.72135139138985,36.72135139138985,6.819745077703943,4.324087330555056
519,4.6,61.531833166371655,55.56715786819908,8.234786596047421,4.5213650819569775
520,3.8,72.77893276880823,54.71205906080722,9.13514693406016,4.5213650819569775
521,3.6,18.376450198781715,14.4,9.118832956012236,2.55621344644781
522,3.0,4.8,14.4,7.163394696904549,2.5357051368900283
523,2.4,71.4488573672319,92.26620066821013,4.06390384408854,2.6828885498850688
524,3.2,145.2136793076311,135.66981395610827,4.130662098333257,1.1137609570148792
525,3.6,73.5765707206508,109.91690499795536,0.2342308172147866,0.3940119560165912
526,3.2,84.52770530938945,56.34609063700731,0.2356558210196355,0.39820691601776603
527,3.2,6.788225099390857,16.38822509939086,0.31172467218614086,0.24381158725004354
528,3.0,4.8,4.8,0.2842677071327083,0.312394391033051
529,3.8,9.6,29.964675298172573,0.31635275102388316,0.34336891585269247
530,3.0,9.6,29.964675298172573,1.035420910902926,0.31637044590482744
531,3.0,19.2,19.2,2.5448915394206555,0.33621999749889064
532,3.2,14.4,21.188225099390856,2.4551760600935837,0.451658795484418
533,3.6,25.988225099390853,14.4,3.575866862900181,0.5398286107145163
534,3.8,16.38822509939086,21.188225099390856,3.203729986543111,0.5299289214008644
535,3.2,38.4,37.854477683388836,3.3808811552655804,0.6311543798805891
536,2.6,36.72135139138985,34.73312629199899,2.632911004936,5.617258064177816
537,3.2,59.352279273560406,25.164675298172572,1.6657605944817924,5.642446308644788
538,3.8,59.853184557761494,47.45447768338884,2.1858074134115917,5.494516655951018
539,3.8,58.733126291999,42.65447768338883,1.7673140300196477,5.404524784678779
540,3.2,21.188225099390856,46.321351391389854,2.876612555559665,6.636335429797116
541,3.2,74.2531845577615,51.43092788217054,2.532961408474704,7.208337501264193
542,4.4,61.38045011265338,72.49931893401671,3.0319551610151647,9.665460239675934
543,5.4,118.0854055655594,91.57038310118699,122.16935919423513,73.18426817138676
544,3.2,90.07915897801168,109.37205337912482,119.36289122137688,76.50095512731322
545,5.0,133.08243959670935,109.51773916348301,120.60073547219085,76.99430943826178
546,4.2,159.54560058165245,194.77602009597715,145.43072727427318,85.7421238523313
547,5.2,191.90619596721362,152.72414533259052,133.28738296552552,75.56265507021486
548,5.8,183.11423360340206,162.56344216829802,140.69745125171056,85.05444230690918
549,6.2,196.4091091162358,155.640624805811,135.19926878469354,80.9441562148817
550,7.0,130.07529366524537,93.63604043998313,145.88886052262373,98.09458905436026
551,8.4,107.77712697694353,89.59125978708117,93.0352970963144,66.78246056666708
552,8.0,162.99686136957285,168.95681117072291,107.41800168509023,62.74461657114
553,7.0,548.551756144446,473.9193048358722,95.31613019547837,68.76699449542227
554,7.2,439.88548493491317,461.62756662540187,80.75862762958037,60.97829077902196
555,6.0,419.64455048156753,356.5154364412689,87.53072804569541,66.4083866434828
556,5.0,140.204989019033,155.32170206292602,90.25307604187186,62.85355620483364
557,6.2,44.64270278277969,61.42411812161443,95.93771502312258,64.7875481986484
558,5.8,68.52286873523501,59.82163555158792,53.919571964389036,29.755744839442713
559,9.2,111.92293950288384,84.45715958696276,50.189949894448134,23.64543804395529
560,5.4,389.36816016319756,327.10890201479094,79.07406592656676,44.099262822245194
561,6.0,150.0136793076311,137.70297315897008,81.55743643495373,45.32022568240457
562,5.8,136.88132915310442,104.0300582931879,81.78902930764106,44.97288673104981
563,4.8,29.964675298172573,66.255667127788,82.41747559361681,41.744509839510165
564,5.6,35.588225099390854,47.10028416019807,81.8377875700862,44.463257143602114
565,5.8,51.076734358979785,52.532505167995964,81.99910884305706,41.77317746662662
566,4.6,44.36467529817257,79.77825972901735,81.49516667751405,38.569778510167794
567,5.0,37.576450198781714,67.88247519700585,47.15178244746342,26.255858566739445
568,5.8,45.188225099390856,64.38822509939085,0.6678937794224358,3.4185915364880146
569,3.8,279.939875543426,237.20968408801212,0.6675168625908882,3.7142430750032083
570,5.0,46.599378875996976,46.91225839435462,0.6843952005015638,3.8339610005312075
571,5.8,58.250701987734985,36.721351391389845,1.0896544219588384,3.7420897205612937
572,4.6,51.21622261300786,63.08247519700583,1.3111415800513466,3.270419763134539
573,4.0,34.37893276880823,16.38822509939086,1.2683779613006037,1.6756319054039053
574,4.4,55.06625258399798,24.0,1.2753087235812495,1.6730609354807857
575,3.8,54.52403329496376,96.59090700296477,0.7634740613872597,1.8072378485752263
576,4.8,68.569839771773,56.34609063700731,0.8068196865199226,1.4689681806464558
577,4.6,37.886026689562414,34.73312629199899,0.8007320993747586,1.4935141263381728
578,4.4,42.300284160198075,76.38089791118043,0.7677773304202606,0.5381185938102974
579,4.0,55.49099182961544,85.04963306520492,0.19573866418407881,0.2580764540309749
580,5.0,50.76715786819908,35.86625258399798,0.1484661149721735,0.3148844092230897
581,4.8,16.38822509939086,4.8,0.402004142111131,0.3938945193664022
582,5.8,13.576450198781714,16.38822509939086,0.49563402585085475,0.4123426537139343
583,5.8,9.6,4.8,0.6233127483832812,0.4958643966916652
584,6.2,23.176450198781716,19.2,0.5065434837201792,0.4702216560962673
585,5.6,14.4,27.976450198781713,0.6284809558409459,0.5096092926020002
586,6.2,9.6,23.176450198781716,0.7024067951475714,0.5176790750562412
587,6.2,24.0,14.4,0.6974389013558102,0.7216031946078288
588,5.8,9.6,16.38822509939086,0.5584919442676024,0.7064604339598733
589,6.0,29.93312629199899,43.2,0.5115067357792419,0.7601571356323271
590,6.2,33.6,25.988225099390853,0.540450222970975,0.7077828107790699
591,7.0,59.512059060807225,27.976450198781713,0.30580744602128007,0.7010828740969501
592,7.2,38.4,31.92135139138985,0.16531431415563086,0.7535826769446464
593,7.2,9.6,9.6,0.1625236629099654,0.7024099496811633
594,6.6,33.6,25.988225099390853,0.15916081742960933,0.6125628813349204
595,7.0,29.578932768808226,25.13312629199899,0.1266643220481268,1.210458471706526
596,7.2,28.8,49.13312629199899,0.5054580319213788,1.269527170585534
597,6.8,14.4,16.38822509939086,0.6014301553737569,1.1669368927648704
598,6.4,29.964675298172573,30.788225099390854,0.6475270782599776,1.2948924124851695
599,6.4,21.188225099390856,29.93312629199899,1.3174642835885668,5.2115630101938715
600,6.6,16.38822509939086,9.6,3.808582988690764,5.067266226646741
601,6.6,4.8,24.0,3.18761292905578,4.881431893129349
602,6.6,9.6,14.4,2.66719824553929,7.162234018731028
603,6.6,14.4,23.176450198781716,2.2846251926188965,8.310820572951702
604,6.4,21.188225099390856,9.6,2.30893179570219,6.413402298362508
605,7.0,29.964675298172573,56.19937887599697,2.3477350309849054,7.499238827969567
606,6.8,63.79808575036964,60.9547618435869,8.247477516175657,13.214172568631042
607,6.6,83.017739956853,84.40551725771682,10.177560672536544,15.560879843035261
608,5.6,103.1394440520764,78.7120590608072,12.260629437929977,18.20816767261512
609,6.0,149.07085675828083,159.3009032930146,14.116184731425943,20.45675958136495
610,4.4,219.5260163113948,195.04162355971536,13.442062244046145,19.422783756712075
611,4.6,191.72102179747756,241.53496088697247,13.809633330276547,18.334850724634663
612,4.6,170.5524981228677,149.31677878014682,13.454046049612275,18.894562300121173
613,5.0,203.08882750370404,229.06042795010117,13.665956001231734,18.659772332841367
614,6.8,229.54231796581303,181.03556369777112,6.724933822475236,6.321248576081027
615,5.6,180.34984632696438,173.3047748970095,5.982777942243772,6.158910093116234
616,5.4,54.52403329496376,21.188225099390856,1.9870541209208088,5.9590445233850975
617,3.6,51.68557889103538,39.564675298172574,1.6524290403096344,5.5509599661847915
618,3.8,145.07776996064126,41.52135139138985,1.560185689470673,4.88521742013708
619,8.8,145.4258809957361,33.05447768338884,1.5570839279222874,4.576596396693118
620,14.4,112.26072095907304,37.63977241422614,1.6542711322569277,4.430411805449507
621,19.8,140.204989019033,105.69397642705182,1.9930211216662266,2.0182862022570753
622,21.6,103.65715958696276,41.52135139138985,1.9931347125299572,2.0535134594135793
623,22.4,73.5765707206508,118.11499174245576,1.2667612868195086,0.9108003881195621
624,23.2,96.28461366485402,99.37173057712945,1.3320927793176107,0.8377357116426775
625,23.0,39.842702782779696,51.12135139138985,1.2135165682369269,0.8151253363495252
626,23.4,33.05447768338884,44.36467529817257,2.4771553617228386,1.1189039372161995
627,22.0,35.86625258399798,57.33250516799596,2.798352837800053,1.1526025645910285
628,21.6,27.976450198781713,25.988225099390853,2.48601757942585,1.1510074989613843
629,21.4,52.56405417416954,50.26625258399798,2.961558924179723,3.32088154528051
630,21.4,59.352279273560406,51.399378875996966,3.001604673632916,5.159826562796601
631,20.4,14.4,52.28602668956241,2.9754040507962793,5.526130259879222
632,19.6,33.90957649078071,38.35538296758993,3.1655998926651776,6.363894886192686
633,19.4,75.34264284079943,64.31205906080721,3.6725253951278325,6.475673650485299
634,19.0,79.43892708712585,79.57769052080218,1.727615562328496,6.970469886127149
635,17.8,110.94634419943755,95.3150436582436,0.4689478709740884,6.441302627567291
636,15.2,49.4427027827797,137.671241603031,0.46704602667977346,6.437324009795281
637,12.8,96.73603241379074,144.74615042352616,0.535644826570127,5.066374364453586
638,11.4,110.94281696876332,145.65794065060976,2.6953045646280005,2.8226449031043104
639,10.8,105.4127418881001,72.58760397538784,7.276851496444907,1.7174247497547674
640,7.8,84.83492779604224,145.35377189819218,6.950130440698625,1.6135815329195893
641,6.4,65.86247688834412,97.55471271215468,6.266963251009657,1.5947567412555599
642,4.4,67.00305089042266,92.7638029248343,6.580782981622466,1.576184032082109
643,4.4,67.46495945837064,84.339679543546,6.376800088487288,1.317769934608021
644,4.0,49.13312629199899,79.13679830642468,6.122206834494374,1.2805536072337764
645,4.4,61.236092355770985,43.787603975387825,5.648433159373825,0.6156288516568974
646,4.2,76.94512541082595,43.5095764907807,5.0500215823623265,0.6123148378848967
647,3.8,77.40961218599914,85.65847759726051,0.9470976928230577,0.5816706463205652
648,5.2,134.81454116812995,68.75786553761645,1.089065727008687,0.18461786367108685
649,5.8,50.221635551587916,65.40056832039615,0.7783603295615638,0.06681722920886668
650,7.0,62.19560318034312,33.05447768338884,0.7942754104265404,0.06681722920886668
651,6.8,25.988225099390853,16.38822509939086,0.22947970504538048,0.6077164544727305
652,6.0,31.92135139138985,9.6,0.13298263260490817,0.5743411719964424
653,6.0,0.0,24.0,0.45801661100776436,4.241075235322098
654,6.2,14.4,16.38822509939086,0.45683394489089807,4.168703455486628
655,5.6,20.33312629199899,14.4,3.7307927692406113,4.106519288275336
656,5.2,6.788225099390857,16.38822509939086,4.77963489829453,4.845995287000283
657,6.2,24.0,27.976450198781713,4.271375119527018,4.641803234867087
658,5.6,31.95290039756343,11.588225099390858,4.540222406547863,4.679559413241007
659,6.0,25.988225099390853,19.2,4.321609937527273,4.796713027664827
660,6.2,21.188225099390856,9.6,4.098536446790127,4.717384210984408
661,6.8,32.77645019878171,42.65447768338884,4.169038411385179,2.6019419186219523
662,7.0,41.79937887599697,35.588225099390854,3.7812024621632694,2.648732843840646
663,7.4,70.41622261300786,108.66495842020409,2.0817674878425256,2.678889739930137
664,9.2,60.290991829615436,101.86620066821014,0.6934799486236118,1.8665598768967275
665,8.4,131.50991398017987,112.74564873841878,4.418239092892005,2.02356515898225
666,10.8,70.05715958696275,63.55183147503336,4.335577417075237,2.1532836451418835
667,11.2,92.09688008540107,72.49931893401671,4.403678871551791,1.9981002031211383
668,11.8,93.60605790908696,77.15983067998866,4.560757229194131,1.8468774156109875
669,11.4,74.14877254058123,69.06744202839715,4.570944773972459,1.489036759755666
670,11.6,53.933126291998995,79.07283876424488,4.602453665174583,1.350479632754602
671,11.0,75.1157310752329,30.788225099390854,6.804222511272599,1.2508142616439366
672,10.8,49.13312629199899,27.976450198781713,5.984643876442956,2.511683415665656
673,10.6,53.933126291998995,55.92135139138985,8.924101427335758,2.3044571026861567
674,9.6,52.254477683388835,86.43741036606873,7.883785254256062,2.1921203065963244
675,10.0,128.49758214849126,120.42709926147754,7.49159557655636,2.2101257043232114
676,10.2,130.9078721534143,119.67285728007221,6.9784592137662935,2.5692669566995128
677,11.8,118.80353280969962,100.85025418920796,6.910384466406348,2.32973664294634
678,11.4,125.83736016950306,129.53436650770772,7.663264922077888,2.4029759868726277
679,11.4,146.75247012073294,135.19452029086293,6.608627649434835,2.5640415049524883
680,12.0,171.55540672008652,143.92463578274115,7.325083464509,0.9286825287626364
681,11.0,96.92346361548796,121.63912839773461,0.5445485359316355,1.0322796106611207
682,13.2,126.22868562678245,62.86776992784314,0.4019427705161772,0.467419865979081
683,11.0,25.164675298172572,77.95183147503336,6.904517000000043,0.5193178345263799
684,10.4,53.03341045219706,39.53312629199899,7.086365900613973,6.5029059612033455
685,9.6,32.77645019878172,21.188225099390856,10.659152851362114,6.538794013160782
686,9.2,14.4,16.38822509939086,13.259154659683478,6.252989538909248
687,10.6,33.90957649078071,29.109576490780704,12.922314477926603,6.599252625792795
688,10.4,45.1436080669808,37.854477683388836,9.784416263031872,21.650568045377042
689,10.0,39.84270278277969,30.788225099390854,281.28764840452357,179.37486030481395
690,10.2,41.830927882170556,45.775829074778684,431.2013630976938,345.8792425637914
691,9.4,60.954761843586915,41.830927882170556,436.4993333321091,340.007706947995
692,8.8,47.517575695736,68.28850925958893,426.9572276918697,362.1992966627579
693,7.4,144.94829597258564,45.188225099390856,417.9220059752745,371.0003397158786
694,5.8,184.56761401787605,140.61146217217623,448.5248788625371,356.09766708867784
695,5.8,92.7812962422416,102.30219738678242,433.80338791343183,342.37725482189217
696,4.8,188.9268741127823,114.71369804992248,424.7257171326132,398.12062722486263
697,5.6,107.31101949761012,55.56715786819908,304.97560549964646,342.7839414270272
698,6.8,60.99937887599697,221.26082638114372,136.3267685600895,181.15030319875092
699,7.6,668.1580014307323,691.3970903765305,131.1628627406898,170.61834929351414
700,8.6,88.12403329496377,126.93549602742898,127.8999702992206,157.27924934823528
701,6.8,165.0449228144206,170.11077147748023,152.23480903201232,152.1987739916823
702,6.0,98.55900728773508,166.58650255432048,153.27384677041806,170.50063996025904
703,9.4,230.66584866305962,156.81947519118376,234.0303091751279,228.6957394313203
704,7.6,216.8086398854636,222.189644290074,243.40278709743876,188.22918850306047
705,6.6,418.58012928567894,459.4435189305579,222.44491740933728,173.02135069065554
706,7.2,14.4,14.4,225.69329686341172,168.93029541937372
707,6.8,50.26625258399798,75.34264284079946,226.10926492365056,179.35867679766284
708,7.0,309.78713898837134,318.5416326133956,213.11161122604645,169.81332165673166
709,6.6,116.75786553761645,126.62314114116755,199.82528611602154,159.1959383942636
710,5.8,29.93312629199899,68.24389222717886,196.56409447584957,149.08557821379162
711,6.2,33.90957649078071,41.52135139138984,133.2821657792307,90.26774016797879
712,6.4,32.77645019878172,40.38822509939085,67.93052005482295,53.30367999668846
713,7.4,468.974580009614,447.06299738623454,49.43712844105705,52.839600153743746
714,9.8,45.96715786819908,88.95165377770255,52.96572245610772,51.67806227274275
715,7.8,327.5877307769039,286.10978027900126,45.0478552800507,55.18468604312626
716,14.4,209.2269758599945,118.63008731648722,23.34787907605177,19.312811799476094
717,14.4,31.92135139138985,46.41622261300785,23.319141448534204,18.9375465527907
718,16.2,240.64147895382456,285.40516214155184,22.715174568030637,19.49622675062914
719,15.4,203.13940368913836,225.17692789545657,2.585471622052132,1.7251558498415283
720,16.4,198.0343375104778,193.84537579957916,1.6868007231898468,1.824171523698726
721,15.8,25.988225099390853,41.167157868199084,1.6294838453139346,1.9161976627900068
722,16.0,74.86202908981709,52.07132142039973,3.7246449102132915,1.8256042491874656
723,14.8,64.62163555158793,69.48473356393508,3.9278519519430146,2.210710317297214
724,14.0,35.588225099390854,66.33183316637165,3.688768293837561,4.474583936758481
725,14.0,72.77893276880823,75.63609235577098,3.8332013525206943,3.5080467224658465
726,13.0,71.8271521865167,91.52341217096074,4.011695387181064,3.6449707319908144
727,13.0,33.90957649078071,39.842702782779696,3.591536280830854,3.4157637391343036
728,12.8,53.66563145999496,52.532505167995964,3.95861598065831,3.519624435183951
729,11.6,51.90028416019807,57.833410452197064,3.9448323996844774,3.16001955264856
730,11.0,66.64140965715235,63.79808575036964,1.725427181728004,2.9274442183134797
731,11.6,78.16653674419605,51.358064871163855,0.9819355339928899,3.3245428081416915
732,10.0,11.588225099390858,62.58974244323601,0.9202801761629376,1.0822137625369015
733,10.0,58.33431573639816,30.788225099390854,0.9254434145924657,1.0870742033099894
734,7.8,54.16653674419605,91.82161544345502,1.0067412265242357,0.33499670529557146
735,7.6,49.13312629199899,73.81560148900482,0.8431417738232387,0.28616582037653443
736,8.4,55.84518535280621,38.709576490780705,0.5876191989561306,0.2645840036779612
737,7.8,24.0,21.188225099390856,0.5893855061848257,0.1550377504639885
738,7.0,25.988225099390853,19.2,0.6245168308290977,0.0650509630167669
739,5.6,47.955382967589934,35.588225099390854,0.7344652155248079,0.0794256819844504
740,5.4,25.164675298172572,20.33312629199899,0.7867332444437869,0.9860175000029854
741,5.8,33.6,25.988225099390853,0.6338170130490028,0.9856794053211706
742,5.8,56.29425009761498,25.164675298172572,0.8078067680679879,1.0118649623364573
743,5.4,25.164675298172572,30.788225099390854,0.7915494246561495,1.276745353286802
744,6.2,21.188225099390856,19.2,1.3128668510468193,1.3898556382559932
745,5.2,32.70028416019807,21.188225099390856,4.005773577213302,1.4341024542068623
746,5.8,22.321351391389847,14.4,72.54552134154945,182.30280014439012
747,6.2,16.38822509939086,21.188225099390856,124.48011922493299,308.6269103967759
748,5.4,25.988225099390853,16.38822509939086,148.82053111951478,318.9338282287548
749,6.2,25.988225099390853,16.38822509939086,210.25111353735048,322.6660901862775
750,5.2,25.988225099390853,50.90664612222715,218.10884710501077,322.38836224360665
751,5.6,53.88850925958893,40.66625258399798,217.0358828279231,332.89339450220837
752,5.6,82.80303468769031,46.321351391389854,291.4970967204921,372.2518853374894
753,7.6,75.41808405903134,73.5765707206508,303.53121543846703,360.2481543223679
754,8.6,110.38534562357913,97.53667920983153,360.5484056556593,417.5461698583648
755,13.6,178.35124126111577,126.61263530108401,402.27468803075567,437.24853922781654
756,16.0,462.64874977985164,581.8360169996779,429.6419219986693,457.47370749623025
757,18.4,163.42904930266127,121.74271841649652,378.20430663405153,434.92716490138935
758,21.4,462.268806687252,419.28671212474944,365.513245756587,418.6327318368
759,20.2,34.76467529817258,49.13312629199899,338.9357716655793,399.5385024574109
760,19.8,35.588225099390854,48.587603975387836,233.09850013317828,282.99958913468873
761,18.6,45.49780159017156,50.29780159017156,110.50059198117827,99.65775203123437
762,18.0,564.2409332466743,564.2924942661537,109.75204085299924,97.63955319874454
763,15.4,79.07283876424489,19.2,104.51665786420196,88.4362797860355
764,14.0,21.188225099390856,49.98822509939085,103.00983647314709,87.53990470442909
765,15.0,72.73431573639816,47.955382967589934,95.25444736566467,75.50530926118543
766,13.4,109.03092788217054,86.77289870622513,92.2186623736659,72.24040322532679
767,13.6,63.533126291999,59.15786553761645,99.20915450875654,78.50289415302308
768,15.8,351.3480996569682,320.0258986906787,61.79574961857482,46.25943920851959
769,12.0,446.642265229753,377.8182135708167,64.87485597355453,48.48982833322819
770,10.2,128.07467206998172,98.56281527742503,67.69572999449477,51.331141850748054
771,9.8,80.32047901805159,118.64806658992752,69.69187118921218,47.18823237609877
772,10.0,139.2,164.08974419479782,44.23570185573058,22.700671438650698
773,10.0,51.399378875996966,16.38822509939086,1.4722961833093393,0.34733772273417424
774,10.6,275.0520505223847,216.15844391544275,1.4980455606774412,2.3137126058791435
775,10.2,37.85447768338884,47.51757569573599,1.4663642154078944,3.7271913855407655
776,9.8,64.31205906080723,58.75183147503336,1.0120433806772595,3.990418214421963
777,9.8,19.2,40.69780159017156,1.0630134859093974,3.670312980440068
778,9.8,14.4,23.176450198781716,1.3401272561197448,3.5487750157182374
779,9.0,41.52135139138985,29.964675298172573,1.2835757350612482,4.4590337154360045
780,8.2,68.7132485052064,46.321351391389854,1.362091748910803,4.761531744796986
781,8.6,29.109576490780704,31.92135139138985,1.4890744556233453,5.282367774238021
782,8.0,27.976450198781713,11.588225099390858,6.288960876559541,4.435168868323119
783,7.8,52.28602668956241,43.5095764907807,22.712188951604688,15.715005237012509
784,6.2,35.89780159017156,104.55483849369766,28.78799321726344,14.53597267902455
785,6.2,77.12341217096073,43.787603975387825,28.058896535252615,14.4513931750751
786,6.0,57.97289870622514,51.43092788217056,28.61465580843716,14.774130766960216
787,5.2,36.36715786819908,37.854477683388836,25.51532903989351,17.000992028657382
788,6.4,49.72073026738682,4.8,25.982534751077402,15.064886925764569
789,4.6,41.52135139138985,78.35786553761645,36.826570725582386,14.619362509236016
790,5.2,79.30296606377199,87.50234493976896,46.32719269638993,21.423229076859656
791,7.6,79.22422181796314,99.75483849369765,44.292754364033925,20.48234970252843
792,7.0,176.09248916244388,142.75398478322842,44.164304632486584,18.56739634167416
793,8.4,332.05534975891925,282.1081429253766,42.877378065521825,18.954441541400932
794,11.4,204.17032729675907,313.6440224117093,38.13082759566706,20.94963273686273
795,8.8,180.96732532920174,228.7764452182098,42.261387418044436,18.77294370010237
796,13.4,181.05603606918098,145.570456733307,43.64784308146801,19.78804295512285
797,17.6,130.76966355562965,137.71742254704196,31.211104827901043,19.723337466370374
798,24.4,160.64015752454563,200.16327212740643,13.863986903545484,9.493043926636487
799,26.4,349.60834739140716,313.03323519318667,14.146270674985882,10.991108516146321
800,27.8,168.64547752547227,148.7442357603417,14.41689576423176,10.615254194563722
801,32.2,200.50751212086232,123.82411812161442,14.430649870115747,16.86060635851119
802,36.2,216.29150085511847,186.98493736559777,15.020966920147258,16.418124539816194
803,39.4,174.30966341116795,131.16022555347652,3.168578514528611,13.170785201597123
804,43.8,223.3904377056624,150.82200218806136,4.381315426805168,16.4372382727621
805,45.2,74.08309632100887,35.588225099390854,11.011356053645825,15.813177317138493
806,44.4,54.71205906080722,83.15958221500901,11.764394161782501,13.408218365472186
807,42.4,25.164675298172572,51.21622261300786,12.800559027400416,12.61586175412999
808,39.6,77.12828167381505,50.08309632100886,12.533911756618814,11.931299810368559
809,35.4,104.60382658839566,49.98822509939085,13.2955666526902,7.796490398096253
810,32.8,90.91084536964622,27.976450198781713,13.05060967896933,7.6133000668406465
811,31.4,141.4686747904513,149.12176656309194,12.478745767582433,7.1045549045816765
812,30.0,169.70955844428445,108.36311024817113,12.668174370791029,2.9571313863229904
813,28.2,239.61229245889504,205.4460035325415,1.7416681140497299,2.473389391299588
814,26.6,160.8240386078865,102.37907415136101,1.7730270684067804,2.985206323312407
815,25.8,29.964675298172573,54.16653674419605,3.3759156067909935,3.1252052936342576
816,24.6,57.90957649078071,84.52770530938945,3.4132233772951546,3.5568244284143757
817,22.6,69.13076424384158,74.9253513052615,3.4426872280082805,3.3850671943428075
818,20.6,87.46354643366223,43.2,3.4523807847583106,2.608651147430349
819,20.0,61.980897911180435,78.18854495480737,2.85620371032536,2.3476319109584356
820,18.2,92.02918695801615,25.988225099390853,2.700151094248233,2.1131265996387287
821,16.6,39.842702782779696,24.0,2.9301318382783257,2.161429668078139
822,15.0,41.83092788217055,24.0,2.7655716771141003,2.14174460793918
823,14.0,73.86744202839716,63.533126291999,1.0659088516874984,1.6258929026262963
824,12.4,88.68495776703234,58.37893276880823,1.0056084448202136,1.3113641243970668
825,12.2,21.188225099390856,19.2,1.1724822061036586,1.3237043509685598
826,12.0,38.709576490780705,21.188225099390856,1.6431543971161096,0.8466288853086683
827,11.4,14.4,4.8,1.8667470570552345,0.825181779831181
828,10.4,49.44270278277969,51.399378875996966,1.9760312673594775,0.9908724242440274
829,10.2,75.3547618435869,64.62163555158793,1.291573734130278,0.6256451420321791
830,9.8,79.53967954354599,78.169839771773,,
831,9.8,37.886026689562414,41.83092788217055,,
832,9.0,65.03892708712586,39.842702782779696,,
833,9.2,48.30957649078071,62.132505167995966,,
834,8.6,71.6150251245792,40.66625258399798,,
835,9.2,30.788225099390854,25.988225099390853,,
836,9.0,35.588225099390854,4.8,,
837,8.2,41.52135139138984,31.95290039756343,,
838,8.0,42.65447768338883,25.988225099390853,,
839,8.4,30.788225099390854,30.788225099390854,,
